Row Type,Action,Keyword status,Campaign,Ad group,Keyword,Type
Keyword,Add,Enabled,Izmir Cekirdek - Arama,Protez Tirnak,izmir protez tırnak,Exact match
Keyword,Add,Enabled,Izmir Cekirdek - Arama,Protez Tirnak,protez tırnak izmir,Exact match
Keyword,Add,Enabled,Izmir Cekirdek - Arama,Protez Tirnak,izmir protez tırnak,Phrase match
Keyword,Add,Enabled,Izmir Cekirdek - Arama,Protez Tirnak,protez tırnak izmir,Phrase match
Keyword,Add,Enabled,Izmir Cekirdek - Arama,Protez Tirnak,eve gelen protez tırnak,Phrase match
Keyword,Add,Enabled,Izmir Cekirdek - Arama,Protez Tirnak,evde protez tırnak izmir,Phrase match
Keyword,Add,Enabled,Izmir Cekirdek - Arama,Protez Tirnak,izmir protez tırnak yaptırma,Phrase match
Keyword,Add,Enabled,Izmir Cekirdek - Arama,Protez Tirnak,izmir jel tırnak,Phrase match
Keyword,Add,Enabled,Izmir Cekirdek - Arama,Protez Tirnak,evde jel tırnak izmir,Phrase match
Keyword,Add,Enabled,Izmir Cekirdek - Arama,Protez Tirnak,izmir protez tırnak dolumu,Phrase match
Keyword,Add,Enabled,Izmir Cekirdek - Arama,Protez Tirnak,protez tırnak dolumu izmir,Phrase match
Keyword,Add,Enabled,Izmir Cekirdek - Arama,Protez Tirnak,izmir akrilik tırnak,Phrase match
Keyword,Add,Enabled,Izmir Cekirdek - Arama,Protez Tirnak,izmir tırnak uzatma,Phrase match
Keyword,Add,Enabled,Izmir Cekirdek - Arama,Kalici Oje,izmir kalıcı oje,Exact match
Keyword,Add,Enabled,Izmir Cekirdek - Arama,Kalici Oje,kalıcı oje izmir,Exact match
Keyword,Add,Enabled,Izmir Cekirdek - Arama,Kalici Oje,izmir kalıcı oje,Phrase match
Keyword,Add,Enabled,Izmir Cekirdek - Arama,Kalici Oje,kalıcı oje izmir,Phrase match
Keyword,Add,Enabled,Izmir Cekirdek - Arama,Kalici Oje,eve gelen kalıcı oje,Phrase match
Keyword,Add,Enabled,Izmir Cekirdek - Arama,Kalici Oje,evde kalıcı oje izmir,Phrase match
Keyword,Add,Enabled,Izmir Cekirdek - Arama,Kalici Oje,izmir kalıcı oje yaptırma,Phrase match
Keyword,Add,Enabled,Izmir Cekirdek - Arama,Kalici Oje,eve gelen kalıcı oje izmir,Phrase match
Keyword,Add,Enabled,Izmir Cekirdek - Arama,Kalici Oje,izmir kalıcı oje çıkarma,Phrase match
Keyword,Add,Enabled,Izmir Cekirdek - Arama,Kalici Oje,izmir jel oje,Phrase match
Keyword,Add,Enabled,Izmir Cekirdek - Arama,Kalici Oje,izmir kalıcı oje randevu,Phrase match
Keyword,Add,Enabled,Izmir Cekirdek - Arama,Eve Gelen Nail Artist,eve gelen nail artist,Exact match
Keyword,Add,Enabled,Izmir Cekirdek - Arama,Eve Gelen Nail Artist,izmir evde tırnak hizmeti,Exact match
Keyword,Add,Enabled,Izmir Cekirdek - Arama,Eve Gelen Nail Artist,eve gelen nail artist,Phrase match
Keyword,Add,Enabled,Izmir Cekirdek - Arama,Eve Gelen Nail Artist,izmir eve gelen nail artist,Phrase match
Keyword,Add,Enabled,Izmir Cekirdek - Arama,Eve Gelen Nail Artist,eve gelen manikürcü izmir,Phrase match
Keyword,Add,Enabled,Izmir Cekirdek - Arama,Eve Gelen Nail Artist,evde tırnak yaptırma izmir,Phrase match
Keyword,Add,Enabled,Izmir Cekirdek - Arama,Eve Gelen Nail Artist,eve gelen tırnakçı,Phrase match
Keyword,Add,Enabled,Izmir Cekirdek - Arama,Eve Gelen Nail Artist,izmir evde tırnak hizmeti,Phrase match
Keyword,Add,Enabled,Izmir Cekirdek - Arama,Eve Gelen Nail Artist,otele gelen nail artist,Phrase match
Keyword,Add,Enabled,Izmir Cekirdek - Arama,Eve Gelen Nail Artist,eve gelen manikür izmir,Phrase match
Keyword,Add,Enabled,Izmir Cekirdek - Arama,Eve Gelen Nail Artist,mobil nail artist izmir,Phrase match
Keyword,Add,Enabled,Izmir Cekirdek - Arama,Eve Gelen Nail Artist,adrese gelen nail artist,Phrase match
Keyword,Add,Enabled,Izmir Cekirdek - Arama,Eve Gelen Nail Artist,eve gelen tırnak hizmeti,Phrase match
Keyword,Add,Paused,Izmir Cekirdek - Arama,Manikur Pedikur,izmir manikür pedikür,Exact match
Keyword,Add,Paused,Izmir Cekirdek - Arama,Manikur Pedikur,izmir manikür pedikür,Phrase match
Keyword,Add,Paused,Izmir Cekirdek - Arama,Manikur Pedikur,evde manikür izmir,Phrase match
Keyword,Add,Paused,Izmir Cekirdek - Arama,Manikur Pedikur,evde pedikür izmir,Phrase match
Keyword,Add,Paused,Izmir Cekirdek - Arama,Manikur Pedikur,eve gelen manikür pedikür,Phrase match
Keyword,Add,Paused,Izmir Cekirdek - Arama,Manikur Pedikur,izmir manikür,Phrase match
Keyword,Add,Paused,Izmir Cekirdek - Arama,Manikur Pedikur,izmir pedikür,Phrase match
Keyword,Add,Paused,Izmir Cekirdek - Arama,Manikur Pedikur,eve gelen pedikür izmir,Phrase match
Keyword,Add,Paused,Izmir Cekirdek - Arama,Rus Manikuru,izmir rus manikürü,Exact match
Keyword,Add,Paused,Izmir Cekirdek - Arama,Rus Manikuru,rus manikürü izmir,Phrase match
Keyword,Add,Paused,Izmir Cekirdek - Arama,Rus Manikuru,izmir rus manikürü,Phrase match
Keyword,Add,Paused,Izmir Cekirdek - Arama,Rus Manikuru,eve gelen rus manikürü,Phrase match
Keyword,Add,Paused,Izmir Cekirdek - Arama,Rus Manikuru,izmir kuru manikür,Phrase match
Keyword,Add,Paused,Izmir Cekirdek - Arama,Fiyatlar,izmir protez tırnak fiyatları,Exact match
Keyword,Add,Paused,Izmir Cekirdek - Arama,Fiyatlar,izmir kalıcı oje fiyat,Exact match
Keyword,Add,Paused,Izmir Cekirdek - Arama,Fiyatlar,izmir protez tırnak fiyatları,Phrase match
Keyword,Add,Paused,Izmir Cekirdek - Arama,Fiyatlar,izmir kalıcı oje fiyat,Phrase match
Keyword,Add,Paused,Izmir Cekirdek - Arama,Fiyatlar,protez tırnak fiyatları izmir,Phrase match
Keyword,Add,Paused,Izmir Cekirdek - Arama,Fiyatlar,kalıcı oje fiyatları izmir,Phrase match
Keyword,Add,Paused,Izmir Cekirdek - Arama,Fiyatlar,izmir tırnak fiyatları,Phrase match
Keyword,Add,Paused,Izmir Cekirdek - Arama,Fiyatlar,izmir manikür fiyatları,Phrase match
Keyword,Add,Paused,Izmir Cekirdek - Arama,Fiyatlar,izmir pedikür fiyatları,Phrase match
Keyword,Add,Paused,Izmir Cekirdek - Arama,Gelin Tirnagi,izmir gelin tırnağı,Exact match
Keyword,Add,Paused,Izmir Cekirdek - Arama,Gelin Tirnagi,izmir gelin tırnağı,Phrase match
Keyword,Add,Paused,Izmir Cekirdek - Arama,Gelin Tirnagi,gelin tırnağı izmir,Phrase match
Keyword,Add,Paused,Izmir Cekirdek - Arama,Gelin Tirnagi,eve gelen gelin tırnağı,Phrase match
Keyword,Add,Paused,Izmir Cekirdek - Arama,Gelin Tirnagi,izmir gelin manikürü,Phrase match
Keyword,Add,Paused,Izmir Cekirdek - Arama,Nail Art,izmir nail art,Exact match
Keyword,Add,Paused,Izmir Cekirdek - Arama,Nail Art,izmir nail art,Phrase match
Keyword,Add,Paused,Izmir Cekirdek - Arama,Nail Art,nail art izmir,Phrase match
Keyword,Add,Paused,Izmir Cekirdek - Arama,Nail Art,izmir tırnak tasarımı,Phrase match
Keyword,Add,Paused,Izmir Cekirdek - Arama,Nail Art,izmir french manikür,Phrase match
