Campaign,Ad Group,Keyword,Criterion Type,Status
Izmir Cekirdek - Arama,Protez Tirnak,izmir protez tırnak,Exact,Enabled
Izmir Cekirdek - Arama,Protez Tirnak,protez tırnak izmir,Exact,Enabled
Izmir Cekirdek - Arama,Protez Tirnak,izmir protez tırnak,Phrase,Enabled
Izmir Cekirdek - Arama,Protez Tirnak,protez tırnak izmir,Phrase,Enabled
Izmir Cekirdek - Arama,Protez Tirnak,eve gelen protez tırnak,Phrase,Enabled
Izmir Cekirdek - Arama,Protez Tirnak,evde protez tırnak izmir,Phrase,Enabled
Izmir Cekirdek - Arama,Protez Tirnak,izmir protez tırnak yaptırma,Phrase,Enabled
Izmir Cekirdek - Arama,Protez Tirnak,izmir jel tırnak,Phrase,Enabled
Izmir Cekirdek - Arama,Protez Tirnak,evde jel tırnak izmir,Phrase,Enabled
Izmir Cekirdek - Arama,Protez Tirnak,izmir protez tırnak dolumu,Phrase,Enabled
Izmir Cekirdek - Arama,Protez Tirnak,protez tırnak dolumu izmir,Phrase,Enabled
Izmir Cekirdek - Arama,Protez Tirnak,izmir akrilik tırnak,Phrase,Enabled
Izmir Cekirdek - Arama,Protez Tirnak,izmir tırnak uzatma,Phrase,Enabled
Izmir Cekirdek - Arama,Kalici Oje,izmir kalıcı oje,Exact,Enabled
Izmir Cekirdek - Arama,Kalici Oje,kalıcı oje izmir,Exact,Enabled
Izmir Cekirdek - Arama,Kalici Oje,izmir kalıcı oje,Phrase,Enabled
Izmir Cekirdek - Arama,Kalici Oje,kalıcı oje izmir,Phrase,Enabled
Izmir Cekirdek - Arama,Kalici Oje,eve gelen kalıcı oje,Phrase,Enabled
Izmir Cekirdek - Arama,Kalici Oje,evde kalıcı oje izmir,Phrase,Enabled
Izmir Cekirdek - Arama,Kalici Oje,izmir kalıcı oje yaptırma,Phrase,Enabled
Izmir Cekirdek - Arama,Kalici Oje,eve gelen kalıcı oje izmir,Phrase,Enabled
Izmir Cekirdek - Arama,Kalici Oje,izmir kalıcı oje çıkarma,Phrase,Enabled
Izmir Cekirdek - Arama,Kalici Oje,izmir jel oje,Phrase,Enabled
Izmir Cekirdek - Arama,Kalici Oje,izmir kalıcı oje randevu,Phrase,Enabled
Izmir Cekirdek - Arama,Eve Gelen Nail Artist,eve gelen nail artist,Exact,Enabled
Izmir Cekirdek - Arama,Eve Gelen Nail Artist,izmir evde tırnak hizmeti,Exact,Enabled
Izmir Cekirdek - Arama,Eve Gelen Nail Artist,eve gelen nail artist,Phrase,Enabled
Izmir Cekirdek - Arama,Eve Gelen Nail Artist,izmir eve gelen nail artist,Phrase,Enabled
Izmir Cekirdek - Arama,Eve Gelen Nail Artist,eve gelen manikürcü izmir,Phrase,Enabled
Izmir Cekirdek - Arama,Eve Gelen Nail Artist,evde tırnak yaptırma izmir,Phrase,Enabled
Izmir Cekirdek - Arama,Eve Gelen Nail Artist,eve gelen tırnakçı,Phrase,Enabled
Izmir Cekirdek - Arama,Eve Gelen Nail Artist,izmir evde tırnak hizmeti,Phrase,Enabled
Izmir Cekirdek - Arama,Eve Gelen Nail Artist,otele gelen nail artist,Phrase,Enabled
Izmir Cekirdek - Arama,Eve Gelen Nail Artist,eve gelen manikür izmir,Phrase,Enabled
Izmir Cekirdek - Arama,Eve Gelen Nail Artist,mobil nail artist izmir,Phrase,Enabled
Izmir Cekirdek - Arama,Eve Gelen Nail Artist,adrese gelen nail artist,Phrase,Enabled
Izmir Cekirdek - Arama,Eve Gelen Nail Artist,eve gelen tırnak hizmeti,Phrase,Enabled
Izmir Cekirdek - Arama,Manikur Pedikur,izmir manikür pedikür,Exact,Paused
Izmir Cekirdek - Arama,Manikur Pedikur,izmir manikür pedikür,Phrase,Paused
Izmir Cekirdek - Arama,Manikur Pedikur,evde manikür izmir,Phrase,Paused
Izmir Cekirdek - Arama,Manikur Pedikur,evde pedikür izmir,Phrase,Paused
Izmir Cekirdek - Arama,Manikur Pedikur,eve gelen manikür pedikür,Phrase,Paused
Izmir Cekirdek - Arama,Manikur Pedikur,izmir manikür,Phrase,Paused
Izmir Cekirdek - Arama,Manikur Pedikur,izmir pedikür,Phrase,Paused
Izmir Cekirdek - Arama,Manikur Pedikur,eve gelen pedikür izmir,Phrase,Paused
Izmir Cekirdek - Arama,Rus Manikuru,izmir rus manikürü,Exact,Paused
Izmir Cekirdek - Arama,Rus Manikuru,rus manikürü izmir,Phrase,Paused
Izmir Cekirdek - Arama,Rus Manikuru,izmir rus manikürü,Phrase,Paused
Izmir Cekirdek - Arama,Rus Manikuru,eve gelen rus manikürü,Phrase,Paused
Izmir Cekirdek - Arama,Rus Manikuru,izmir kuru manikür,Phrase,Paused
Izmir Cekirdek - Arama,Fiyatlar,izmir protez tırnak fiyatları,Exact,Paused
Izmir Cekirdek - Arama,Fiyatlar,izmir kalıcı oje fiyat,Exact,Paused
Izmir Cekirdek - Arama,Fiyatlar,izmir protez tırnak fiyatları,Phrase,Paused
Izmir Cekirdek - Arama,Fiyatlar,izmir kalıcı oje fiyat,Phrase,Paused
Izmir Cekirdek - Arama,Fiyatlar,protez tırnak fiyatları izmir,Phrase,Paused
Izmir Cekirdek - Arama,Fiyatlar,kalıcı oje fiyatları izmir,Phrase,Paused
Izmir Cekirdek - Arama,Fiyatlar,izmir tırnak fiyatları,Phrase,Paused
Izmir Cekirdek - Arama,Fiyatlar,izmir manikür fiyatları,Phrase,Paused
Izmir Cekirdek - Arama,Fiyatlar,izmir pedikür fiyatları,Phrase,Paused
Izmir Cekirdek - Arama,Gelin Tirnagi,izmir gelin tırnağı,Exact,Paused
Izmir Cekirdek - Arama,Gelin Tirnagi,izmir gelin tırnağı,Phrase,Paused
Izmir Cekirdek - Arama,Gelin Tirnagi,gelin tırnağı izmir,Phrase,Paused
Izmir Cekirdek - Arama,Gelin Tirnagi,eve gelen gelin tırnağı,Phrase,Paused
Izmir Cekirdek - Arama,Gelin Tirnagi,izmir gelin manikürü,Phrase,Paused
Izmir Cekirdek - Arama,Nail Art,izmir nail art,Exact,Paused
Izmir Cekirdek - Arama,Nail Art,izmir nail art,Phrase,Paused
Izmir Cekirdek - Arama,Nail Art,nail art izmir,Phrase,Paused
Izmir Cekirdek - Arama,Nail Art,izmir tırnak tasarımı,Phrase,Paused
Izmir Cekirdek - Arama,Nail Art,izmir french manikür,Phrase,Paused
