Campaign,Keyword,Criterion Type
Izmir Cekirdek - Arama,kurs,Campaign Negative Phrase
Izmir Cekirdek - Arama,eğitim,Campaign Negative Phrase
Izmir Cekirdek - Arama,sertifika programı,Campaign Negative Phrase
Izmir Cekirdek - Arama,akademi,Campaign Negative Phrase
Izmir Cekirdek - Arama,öğren,Campaign Negative Phrase
Izmir Cekirdek - Arama,ders,Campaign Negative Phrase
Izmir Cekirdek - Arama,kendim yapmak,Campaign Negative Phrase
Izmir Cekirdek - Arama,kendi kendine,Campaign Negative Phrase
Izmir Cekirdek - Arama,evde kendim,Campaign Negative Phrase
Izmir Cekirdek - Arama,nasıl yapılır,Campaign Negative Phrase
Izmir Cekirdek - Arama,yapımı,Campaign Negative Phrase
Izmir Cekirdek - Arama,tarifi,Campaign Negative Phrase
Izmir Cekirdek - Arama,adım adım,Campaign Negative Phrase
Izmir Cekirdek - Arama,iş ilanı,Campaign Negative Phrase
Izmir Cekirdek - Arama,eleman,Campaign Negative Phrase
Izmir Cekirdek - Arama,personel,Campaign Negative Phrase
Izmir Cekirdek - Arama,eleman aranıyor,Campaign Negative Phrase
Izmir Cekirdek - Arama,maaş,Campaign Negative Phrase
Izmir Cekirdek - Arama,kariyer,Campaign Negative Phrase
Izmir Cekirdek - Arama,iş başvurusu,Campaign Negative Phrase
Izmir Cekirdek - Arama,staj,Campaign Negative Phrase
Izmir Cekirdek - Arama,işe alım,Campaign Negative Phrase
Izmir Cekirdek - Arama,part time,Campaign Negative Phrase
Izmir Cekirdek - Arama,yarı zamanlı,Campaign Negative Phrase
Izmir Cekirdek - Arama,malzeme,Campaign Negative Phrase
Izmir Cekirdek - Arama,toptan,Campaign Negative Phrase
Izmir Cekirdek - Arama,satın al,Campaign Negative Phrase
Izmir Cekirdek - Arama,sipariş,Campaign Negative Phrase
Izmir Cekirdek - Arama,kargo,Campaign Negative Phrase
Izmir Cekirdek - Arama,mağaza,Campaign Negative Phrase
Izmir Cekirdek - Arama,ürün,Campaign Negative Phrase
Izmir Cekirdek - Arama,set fiyatı,Campaign Negative Phrase
Izmir Cekirdek - Arama,başlangıç seti,Campaign Negative Phrase
Izmir Cekirdek - Arama,uv lamba,Campaign Negative Phrase
Izmir Cekirdek - Arama,led lamba,Campaign Negative Phrase
Izmir Cekirdek - Arama,freze makinesi,Campaign Negative Phrase
Izmir Cekirdek - Arama,tırnak kalıbı,Campaign Negative Phrase
Izmir Cekirdek - Arama,tips,Campaign Negative Phrase
Izmir Cekirdek - Arama,yapıştırıcı,Campaign Negative Phrase
Izmir Cekirdek - Arama,sticker,Campaign Negative Phrase
Izmir Cekirdek - Arama,takma tırnak,Campaign Negative Phrase
Izmir Cekirdek - Arama,protez tırnak seti,Campaign Negative Phrase
Izmir Cekirdek - Arama,nail art kalemi,Campaign Negative Phrase
Izmir Cekirdek - Arama,trendyol,Campaign Negative Phrase
Izmir Cekirdek - Arama,hepsiburada,Campaign Negative Phrase
Izmir Cekirdek - Arama,aliexpress,Campaign Negative Phrase
Izmir Cekirdek - Arama,amazon,Campaign Negative Phrase
Izmir Cekirdek - Arama,shein,Campaign Negative Phrase
Izmir Cekirdek - Arama,n11,Campaign Negative Phrase
Izmir Cekirdek - Arama,çiçeksepeti,Campaign Negative Phrase
Izmir Cekirdek - Arama,instagram mağaza,Campaign Negative Phrase
Izmir Cekirdek - Arama,ücretsiz,Campaign Negative Phrase
Izmir Cekirdek - Arama,bedava,Campaign Negative Phrase
Izmir Cekirdek - Arama,indirim kuponu,Campaign Negative Phrase
Izmir Cekirdek - Arama,kampanya kodu,Campaign Negative Phrase
Izmir Cekirdek - Arama,promosyon kodu,Campaign Negative Phrase
Izmir Cekirdek - Arama,ankara,Campaign Negative Phrase
Izmir Cekirdek - Arama,istanbul,Campaign Negative Phrase
Izmir Cekirdek - Arama,bursa,Campaign Negative Phrase
Izmir Cekirdek - Arama,antalya,Campaign Negative Phrase
Izmir Cekirdek - Arama,muğla,Campaign Negative Phrase
Izmir Cekirdek - Arama,aydın,Campaign Negative Phrase
Izmir Cekirdek - Arama,manisa,Campaign Negative Phrase
Izmir Cekirdek - Arama,denizli,Campaign Negative Phrase
Izmir Cekirdek - Arama,adana,Campaign Negative Phrase
Izmir Cekirdek - Arama,kayseri,Campaign Negative Phrase
Izmir Cekirdek - Arama,konya,Campaign Negative Phrase
Izmir Cekirdek - Arama,eskişehir,Campaign Negative Phrase
Izmir Cekirdek - Arama,bodrum,Campaign Negative Phrase
Izmir Cekirdek - Arama,kuşadası,Campaign Negative Phrase
Izmir Cekirdek - Arama,didim,Campaign Negative Phrase
Izmir Cekirdek - Arama,tırnak mantarı,Campaign Negative Phrase
Izmir Cekirdek - Arama,tırnak batması,Campaign Negative Phrase
Izmir Cekirdek - Arama,doktor,Campaign Negative Phrase
Izmir Cekirdek - Arama,tedavi,Campaign Negative Phrase
Izmir Cekirdek - Arama,hastalık,Campaign Negative Phrase
Izmir Cekirdek - Arama,ilaç,Campaign Negative Phrase
Izmir Cekirdek - Arama,dermatolog,Campaign Negative Phrase
Izmir Cekirdek - Arama,klinik,Campaign Negative Phrase
Izmir Cekirdek - Arama,ameliyat,Campaign Negative Phrase
Izmir Cekirdek - Arama,enfeksiyon,Campaign Negative Phrase
Izmir Cekirdek - Arama,youtube,Campaign Negative Phrase
Izmir Cekirdek - Arama,video,Campaign Negative Phrase
Izmir Cekirdek - Arama,izle,Campaign Negative Phrase
Izmir Cekirdek - Arama,fotoğraf,Campaign Negative Phrase
Izmir Cekirdek - Arama,resimleri,Campaign Negative Phrase
Izmir Cekirdek - Arama,model önerileri,Campaign Negative Phrase
Izmir Cekirdek - Arama,modelleri,Campaign Negative Phrase
Izmir Cekirdek - Arama,şablonları,Campaign Negative Phrase
Izmir Cekirdek - Arama,görselleri,Campaign Negative Phrase
Izmir Cekirdek - Arama,trendleri,Campaign Negative Phrase
Izmir Cekirdek - Arama,pinterest,Campaign Negative Phrase
Izmir Cekirdek - Arama,salon açmak,Campaign Negative Phrase
Izmir Cekirdek - Arama,franchise,Campaign Negative Phrase
Izmir Cekirdek - Arama,bayilik,Campaign Negative Phrase
Izmir Cekirdek - Arama,kiralık,Campaign Negative Phrase
Izmir Cekirdek - Arama,satılık,Campaign Negative Phrase
Izmir Cekirdek - Arama,devren,Campaign Negative Phrase
Izmir Cekirdek - Arama,iş fırsatı,Campaign Negative Phrase
Izmir Cekirdek - Arama,yatırım,Campaign Negative Phrase
Izmir Cekirdek - Arama,zararlı mı,Campaign Negative Phrase
Izmir Cekirdek - Arama,zararları,Campaign Negative Phrase
Izmir Cekirdek - Arama,hamilelikte,Campaign Negative Phrase
Izmir Cekirdek - Arama,alerji,Campaign Negative Phrase
Izmir Cekirdek - Arama,nedir,Campaign Negative Phrase
Izmir Cekirdek - Arama,ne demek,Campaign Negative Phrase
Izmir Cekirdek - Arama,anlamı,Campaign Negative Phrase
Izmir Cekirdek - Arama,şikayet,Campaign Negative Phrase
Izmir Cekirdek - Arama,şikayetvar,Campaign Negative Phrase
Izmir Cekirdek - Arama,maket tırnak,Campaign Negative Phrase
Izmir Cekirdek - Arama,çocuk,Campaign Negative Phrase
Izmir Cekirdek - Arama,oyuncak,Campaign Negative Phrase
Izmir Cekirdek - Arama,köpek,Campaign Negative Phrase
Izmir Cekirdek - Arama,kedi,Campaign Negative Phrase
Izmir Cekirdek - Arama,hayvan,Campaign Negative Phrase
Izmir Cekirdek - Arama,pet,Campaign Negative Phrase
